name,bitdepth,rmse,psnr,compressed_size,bpp,compression_ratio,ssim
I0_q10_rec,16,2.2373,89.33,67103,1.7518,9.13,
I0_q30_rec,16,4.2758,83.71,27452,0.7167,22.33,
I0_q60_rec,16,6.6731,79.84,16128,0.421,38.0,
I100_q10_rec,16,922.5051,37.03,51179,1.5619,10.24,
I100_q30_rec,16,922.5097,37.03,28906,0.8821,18.14,
I100_q60_rec,16,922.5196,37.03,21677,0.6615,24.19,
I101_q10_rec,16,922.505,37.03,46418,1.4166,11.29,
I101_q30_rec,16,922.509,37.03,27173,0.8293,19.29,
I101_q60_rec,16,922.518,37.03,20829,0.6357,25.17,
I102_q10_rec,16,922.505,37.03,45148,1.3778,11.61,
I102_q30_rec,16,922.5088,37.03,26580,0.8112,19.72,
I102_q60_rec,16,922.5176,37.03,20494,0.6254,25.58,
I103_q10_rec,16,2.5446,88.22,180611,5.5118,2.9,
I103_q30_rec,16,6.7132,79.79,107219,3.2721,4.89,
I103_q60_rec,16,12.1133,74.66,76005,2.3195,6.9,
I104_q10_rec,16,0.9028,97.22,8158,0.249,64.27,
I104_q30_rec,16,1.598,92.26,1752,0.0535,299.25,
I104_q60_rec,16,2.1033,89.87,720,0.022,728.18,
I105_q10_rec,16,0.9443,96.83,9276,0.2831,56.52,
I105_q30_rec,16,1.6985,91.73,2226,0.0679,235.53,
I105_q60_rec,16,2.2607,89.24,970,0.0296,540.5,
I106_q10_rec,16,0.9816,96.49,10301,0.3144,50.9,
I106_q30_rec,16,1.7805,91.32,2523,0.077,207.8,
I106_q60_rec,16,2.3668,88.85,1155,0.0352,453.93,
I107_q10_rec,16,1.0165,96.19,11225,0.3426,46.71,
I107_q30_rec,16,1.8645,90.92,2874,0.0877,182.42,
I107_q60_rec,16,2.4935,88.39,1412,0.0431,371.31,
I108_q10_rec,16,1.0483,95.92,12169,0.3714,43.08,
I108_q30_rec,16,1.9379,90.58,3312,0.1011,158.3,
I108_q60_rec,16,2.6525,87.86,1666,0.0508,314.7,
I109_q10_rec,16,1.0799,95.66,12906,0.3939,40.62,
I109_q30_rec,16,1.9937,90.34,3613,0.1103,145.11,
I109_q60_rec,16,2.7263,87.62,1807,0.0551,290.14,
I10_q10_rec,16,922.5059,37.03,100946,3.0806,5.19,
I10_q30_rec,16,922.5165,37.03,60518,1.8469,8.66,
I10_q60_rec,16,922.5405,37.03,43171,1.3175,12.14,
I110_q10_rec,16,1.1069,95.45,13816,0.4216,37.95,
I110_q30_rec,16,2.0549,90.07,3975,0.1213,131.9,
I110_q60_rec,16,2.8587,87.21,2043,0.0623,256.63,
I111_q10_rec,16,1.1381,95.21,15095,0.4607,34.73,
I111_q30_rec,16,2.1285,89.77,4459,0.1361,117.58,
I111_q60_rec,16,2.9864,86.83,2388,0.0729,219.55,
I112_q10_rec,16,1.1627,95.02,15909,0.4855,32.96,
I112_q30_rec,16,2.1855,89.54,4765,0.1454,110.03,
I112_q60_rec,16,3.0975,86.51,2610,0.0797,200.88,
I113_q10_rec,16,1.186,94.85,16787,0.5123,31.23,
I113_q30_rec,16,2.253,89.27,5368,0.1638,97.67,
I113_q60_rec,16,3.204,86.22,3023,0.0923,173.43,
I114_q10_rec,16,1.2163,94.63,18749,0.5722,27.96,
I114_q30_rec,16,2.3296,88.98,6416,0.1958,81.72,
I114_q60_rec,16,3.3489,85.83,3572,0.109,146.78,
I115_q10_rec,16,1.2416,94.45,20262,0.6183,25.88,
I115_q30_rec,16,2.4252,88.63,7200,0.2197,72.82,
I115_q60_rec,16,3.5434,85.34,4236,0.1293,123.77,
I116_q10_rec,16,1.2661,94.28,21195,0.6468,24.74,
I116_q30_rec,16,2.4766,88.45,7731,0.2359,67.82,
I116_q60_rec,16,3.6413,85.1,4518,0.1379,116.04,
I117_q10_rec,16,1.2864,94.14,22979,0.7013,22.82,
I117_q30_rec,16,2.5403,88.23,8859,0.2704,59.18,
I117_q60_rec,16,3.8327,84.66,5471,0.167,95.83,
I118_q10_rec,16,1.3228,93.9,26066,0.7955,20.11,
I118_q30_rec,16,2.7016,87.7,11048,0.3372,47.46,
I118_q60_rec,16,4.1223,84.03,6773,0.2067,77.41,
I119_q10_rec,16,1.3535,93.7,29421,0.8979,17.82,
I119_q30_rec,16,2.8422,87.26,13321,0.4065,39.36,
I119_q60_rec,16,4.4491,83.36,8615,0.2629,60.86,
I11_q10_rec,16,922.5059,37.03,96911,2.9575,5.41,
I11_q30_rec,16,922.5161,37.03,57322,1.7493,9.15,
I11_q60_rec,16,922.5386,37.03,40647,1.2404,12.9,
I120_q10_rec,16,1.3851,93.5,33013,1.0075,15.88,
I120_q30_rec,16,2.9694,86.88,15811,0.4825,33.16,
I120_q60_rec,16,4.7265,82.84,10477,0.3197,50.04,
I121_q10_rec,16,1.4119,93.33,36022,1.0993,14.55,
I121_q30_rec,16,3.0833,86.55,18081,0.5518,29.0,
I121_q60_rec,16,5.0151,82.32,12275,0.3746,42.71,
I122_q10_rec,16,1.4389,93.17,38301,1.1689,13.69,
I122_q30_rec,16,3.1471,86.37,19541,0.5963,26.83,
I122_q60_rec,16,5.1784,82.05,13339,0.4071,39.3,
I123_q10_rec,16,1.4637,93.02,40768,1.2441,12.86,
I123_q30_rec,16,3.2562,86.08,21298,0.65,24.62,
I123_q60_rec,16,5.3871,81.7,14712,0.449,35.64,
I124_q10_rec,16,1.4752,92.95,42946,1.3106,12.21,
I124_q30_rec,16,3.3054,85.94,22891,0.6986,22.9,
I124_q60_rec,16,5.5422,81.46,15833,0.4832,33.11,
I125_q10_rec,16,1.492,92.85,44229,1.3498,11.85,
I125_q30_rec,16,3.3646,85.79,23722,0.7239,22.1,
I125_q60_rec,16,5.6117,81.35,16344,0.4988,32.08,
I126_q10_rec,16,1.5145,92.72,45131,1.3773,11.62,
I126_q30_rec,16,3.4007,85.7,24429,0.7455,21.46,
I126_q60_rec,16,5.7072,81.2,16710,0.5099,31.38,
I127_q10_rec,16,1.5302,92.63,46834,1.4293,11.19,
I127_q30_rec,16,3.4586,85.55,25321,0.7727,20.71,
I127_q60_rec,16,5.8003,81.06,17477,0.5334,30.0,
I128_q10_rec,16,1.5344,92.61,48115,1.4684,10.9,
I128_q30_rec,16,3.4975,85.45,26223,0.8003,19.99,
I128_q60_rec,16,5.8695,80.96,18198,0.5554,28.81,
I129_q10_rec,16,1.5551,92.49,50075,1.5282,10.47,
I129_q30_rec,16,3.5717,85.27,27728,0.8462,18.91,
I129_q60_rec,16,6.0105,80.75,19074,0.5821,27.49,
I12_q10_rec,16,922.5058,37.03,91881,2.804,5.71,
I12_q30_rec,16,922.5156,37.03,53619,1.6363,9.78,
I12_q60_rec,16,922.5362,37.03,37942,1.1579,13.82,
I130_q10_rec,16,1.5717,92.4,51406,1.5688,10.2,
I130_q30_rec,16,3.62,85.16,28691,0.8756,18.27,
I130_q60_rec,16,6.1376,80.57,19904,0.6074,26.34,
I131_q10_rec,16,1.5871,92.32,53035,1.6185,9.89,
I131_q30_rec,16,3.6586,85.06,29622,0.904,17.7,
I131_q60_rec,16,6.1954,80.49,20609,0.6289,25.44,
I132_q10_rec,16,1.602,92.24,54177,1.6534,9.68,
I132_q30_rec,16,3.6937,84.98,30521,0.9314,17.18,
I132_q60_rec,16,6.2452,80.42,21169,0.646,24.77,
I133_q10_rec,16,1.6019,92.24,54681,1.6687,9.59,
I133_q30_rec,16,3.7124,84.94,30836,0.941,17.0,
I133_q60_rec,16,6.3053,80.34,21343,0.6513,24.56,
I134_q10_rec,16,1.6073,92.21,54906,1.6756,9.55,
I134_q30_rec,16,3.7258,84.91,30817,0.9405,17.01,
I134_q60_rec,16,6.3342,80.3,21343,0.6513,24.56,
I135_q10_rec,16,1.6159,92.16,54891,1.6751,9.55,
I135_q30_rec,16,3.7207,84.92,30664,0.9358,17.1,
I135_q60_rec,16,6.3381,80.29,21173,0.6461,24.76,
I136_q10_rec,16,1.6189,92.15,54012,1.6483,9.71,
I136_q30_rec,16,3.7063,84.95,30084,0.9181,17.43,
I136_q60_rec,16,6.2543,80.41,20674,0.6309,25.36,
I137_q10_rec,16,1.6195,92.14,54404,1.6603,9.64,
I137_q30_rec,16,3.719,84.92,30027,0.9164,17.46,
I137_q60_rec,16,6.2802,80.37,20684,0.6312,25.35,
I138_q10_rec,16,1.6205,92.14,54357,1.6588,9.65,
I138_q30_rec,16,3.6971,84.97,29979,0.9149,17.49,
I138_q60_rec,16,6.2649,80.39,20636,0.6298,25.41,
I139_q10_rec,16,1.6325,92.07,54681,1.6687,9.59,
I139_q30_rec,16,3.7386,84.88,29956,0.9142,17.5,
I139_q60_rec,16,6.2543,80.41,20453,0.6242,25.63,
I13_q10_rec,16,922.5058,37.03,89897,2.7434,5.83,
I13_q30_rec,16,922.5153,37.03,51809,1.5811,10.12,
I13_q60_rec,16,922.5354,37.03,36721,1.1206,14.28,
I140_q10_rec,16,1.6352,92.06,54583,1.6657,9.61,
I140_q30_rec,16,3.7287,84.9,29911,0.9128,17.53,
I140_q60_rec,16,6.2556,80.4,20392,0.6223,25.71,
I141_q10_rec,16,1.6411,92.03,54930,1.6763,9.54,
I141_q30_rec,16,3.7702,84.8,30289,0.9243,17.31,
I141_q60_rec,16,6.3014,80.34,20472,0.6248,25.61,
I142_q10_rec,16,1.6514,91.97,56138,1.7132,9.34,
I142_q30_rec,16,3.7782,84.78,30819,0.9405,17.01,
I142_q60_rec,16,6.352,80.27,20983,0.6404,24.99,
I143_q10_rec,16,1.6551,91.95,56504,1.7244,9.28,
I143_q30_rec,16,3.8033,84.73,30993,0.9458,16.92,
I143_q60_rec,16,6.3713,80.24,21023,0.6416,24.94,
I144_q10_rec,16,1.6618,91.92,57550,1.7563,9.11,
I144_q30_rec,16,3.8351,84.65,31769,0.9695,16.5,
I144_q60_rec,16,6.47,80.11,21635,0.6602,24.23,
I145_q10_rec,16,1.6785,91.83,58578,1.7877,8.95,
I145_q30_rec,16,3.8722,84.57,32630,0.9958,16.07,
I145_q60_rec,16,6.506,80.06,21909,0.6686,23.93,
I146_q10_rec,16,1.6925,91.76,60396,1.8431,8.68,
I146_q30_rec,16,3.9256,84.45,33716,1.0289,15.55,
I146_q60_rec,16,6.6105,79.92,22694,0.6926,23.1,
I147_q10_rec,16,1.6971,91.74,60720,1.853,8.63,
I147_q30_rec,16,3.9311,84.44,33898,1.0345,15.47,
I147_q60_rec,16,6.6744,79.84,23057,0.7036,22.74,
I148_q10_rec,16,1.6949,91.75,60329,1.8411,8.69,
I148_q30_rec,16,3.9362,84.43,33397,1.0192,15.7,
I148_q60_rec,16,6.5935,79.95,22645,0.6911,23.15,
I149_q10_rec,16,1.691,91.77,59855,1.8266,8.76,
I149_q30_rec,16,3.9059,84.49,33305,1.0164,15.74,
I149_q60_rec,16,6.6008,79.94,22438,0.6848,23.37,
I14_q10_rec,16,922.5058,37.03,91815,2.802,5.71,
I14_q30_rec,16,922.5155,37.03,52731,1.6092,9.94,
I14_q60_rec,16,922.5362,37.03,37310,1.1386,14.05,
I150_q10_rec,16,1.6931,91.76,59872,1.8271,8.76,
I150_q30_rec,16,3.9258,84.45,33275,1.0155,15.76,
I150_q60_rec,16,6.583,79.96,22369,0.6826,23.44,
I151_q10_rec,16,1.6922,91.76,60058,1.8328,8.73,
I151_q30_rec,16,3.9203,84.46,33303,1.0163,15.74,
I151_q60_rec,16,6.576,79.97,22454,0.6852,23.35,
I152_q10_rec,16,1.7011,91.72,60813,1.8559,8.62,
I152_q30_rec,16,3.9615,84.37,33914,1.035,15.46,
I152_q60_rec,16,6.6671,79.85,22813,0.6962,22.98,
I153_q10_rec,16,1.7054,91.69,61104,1.8647,8.58,
I153_q30_rec,16,3.9622,84.37,33765,1.0304,15.53,
I153_q60_rec,16,6.6555,79.87,22813,0.6962,22.98,
I154_q10_rec,16,1.7094,91.67,61310,1.871,8.55,
I154_q30_rec,16,3.971,84.35,33937,1.0357,15.45,
I154_q60_rec,16,6.6783,79.84,22728,0.6936,23.07,
I155_q10_rec,16,1.711,91.66,61266,1.8697,8.56,
I155_q30_rec,16,3.9691,84.36,34075,1.0399,15.39,
I155_q60_rec,16,6.6707,79.85,22977,0.7012,22.82,
I156_q10_rec,16,1.708,91.68,60647,1.8508,8.64,
I156_q30_rec,16,3.9448,84.41,33660,1.0272,15.58,
I156_q60_rec,16,6.6603,79.86,22535,0.6877,23.27,
I157_q10_rec,16,1.7018,91.71,60479,1.8457,8.67,
I157_q30_rec,16,3.9472,84.4,33277,1.0155,15.76,
I157_q60_rec,16,6.6153,79.92,22257,0.6792,23.56,
I158_q10_rec,16,1.698,91.73,59900,1.828,8.75,
I158_q30_rec,16,3.9362,84.43,33049,1.0086,15.86,
I158_q60_rec,16,6.5603,79.99,21981,0.6708,23.85,
I159_q10_rec,16,1.7023,91.71,60101,1.8341,8.72,
I159_q30_rec,16,3.9433,84.41,33058,1.0089,15.86,
I159_q60_rec,16,6.6045,79.93,22042,0.6727,23.79,
I15_q10_rec,16,922.5058,37.03,91774,2.8007,5.71,
I15_q30_rec,16,922.5156,37.03,52801,1.6114,9.93,
I15_q60_rec,16,922.5362,37.03,37466,1.1434,13.99,
I160_q10_rec,16,1.7074,91.68,60993,1.8614,8.6,
I160_q30_rec,16,3.9752,84.34,33472,1.0215,15.66,
I160_q60_rec,16,6.6398,79.89,22390,0.6833,23.42,
I161_q10_rec,16,1.7131,91.65,61404,1.8739,8.54,
I161_q30_rec,16,3.9847,84.32,33981,1.037,15.43,
I161_q60_rec,16,6.6642,79.85,22681,0.6922,23.12,
I162_q10_rec,16,1.7108,91.67,61270,1.8698,8.56,
I162_q30_rec,16,3.9695,84.35,33866,1.0335,15.48,
I162_q60_rec,16,6.6646,79.85,22558,0.6884,23.24,
I163_q10_rec,16,1.7047,91.7,60827,1.8563,8.62,
I163_q30_rec,16,3.9569,84.38,33606,1.0256,15.6,
I163_q60_rec,16,6.6294,79.9,22407,0.6838,23.4,
I164_q10_rec,16,1.7083,91.68,61250,1.8692,8.56,
I164_q30_rec,16,3.9761,84.34,33938,1.0357,15.45,
I164_q60_rec,16,6.6525,79.87,22689,0.6924,23.11,
I165_q10_rec,16,1.7095,91.67,61606,1.8801,8.51,
I165_q30_rec,16,3.9864,84.32,34149,1.0421,15.35,
I165_q60_rec,16,6.6536,79.87,22788,0.6954,23.01,
I166_q10_rec,16,1.7242,91.6,63375,1.9341,8.27,
I166_q30_rec,16,4.0344,84.21,35449,1.0818,14.79,
I166_q60_rec,16,6.7792,79.71,23667,0.7223,22.15,
I167_q10_rec,16,1.7284,91.58,64206,1.9594,8.17,
I167_q30_rec,16,4.0472,84.19,36043,1.0999,14.55,
I167_q60_rec,16,6.8195,79.65,24256,0.7402,21.61,
I168_q10_rec,16,1.7291,91.57,64662,1.9733,8.11,
I168_q30_rec,16,4.0744,84.13,36413,1.1112,14.4,
I168_q60_rec,16,6.8305,79.64,24579,0.7501,21.33,
I169_q10_rec,16,1.7344,91.55,64791,1.9773,8.09,
I169_q30_rec,16,4.0612,84.16,36503,1.114,14.36,
I169_q60_rec,16,6.8846,79.57,24534,0.7487,21.37,
I16_q10_rec,16,922.5058,37.03,91972,2.8068,5.7,
I16_q30_rec,16,922.5156,37.03,53040,1.6187,9.88,
I16_q60_rec,16,922.536,37.03,37746,1.1519,13.89,
I170_q10_rec,16,1.7302,91.57,64889,1.9803,8.08,
I170_q30_rec,16,4.0718,84.13,36448,1.1123,14.38,
I170_q60_rec,16,6.8678,79.59,24664,0.7527,21.26,
I171_q10_rec,16,1.7397,91.52,65692,2.0048,7.98,
I171_q30_rec,16,4.0937,84.09,37163,1.1341,14.11,
I171_q60_rec,16,6.9256,79.52,25234,0.7701,20.78,
I172_q10_rec,16,1.7351,91.54,65871,2.0102,7.96,
I172_q30_rec,16,4.0846,84.11,37534,1.1454,13.97,
I172_q60_rec,16,6.9643,79.47,25582,0.7807,20.49,
I173_q10_rec,16,1.7386,91.53,65839,2.0092,7.96,
I173_q30_rec,16,4.1022,84.07,37555,1.1461,13.96,
I173_q60_rec,16,6.9548,79.48,25575,0.7805,20.5,
I174_q10_rec,16,1.7222,91.61,64500,1.9684,8.13,
I174_q30_rec,16,4.0408,84.2,36430,1.1118,14.39,
I174_q60_rec,16,6.8508,79.61,24847,0.7583,21.1,
I175_q10_rec,16,1.713,91.65,62567,1.9094,8.38,
I175_q30_rec,16,3.9974,84.29,34986,1.0677,14.99,
I175_q60_rec,16,6.7525,79.74,23613,0.7206,22.2,
I176_q10_rec,16,1.699,91.73,60465,1.8452,8.67,
I176_q30_rec,16,3.944,84.41,33289,1.0159,15.75,
I176_q60_rec,16,6.569,79.98,22297,0.6805,23.51,
I177_q10_rec,16,1.6877,91.78,59324,1.8104,8.84,
I177_q30_rec,16,3.9108,84.48,32425,0.9895,16.17,
I177_q60_rec,16,6.5215,80.04,21467,0.6551,24.42,
I178_q10_rec,16,1.6818,91.81,58092,1.7728,9.03,
I178_q30_rec,16,3.8863,84.54,31615,0.9648,16.58,
I178_q60_rec,16,6.417,80.18,20811,0.6351,25.19,
I179_q10_rec,16,1.6768,91.84,57729,1.7617,9.08,
I179_q30_rec,16,3.8648,84.59,31220,0.9528,16.79,
I179_q60_rec,16,6.4064,80.2,20580,0.6281,25.48,
I17_q10_rec,16,922.5059,37.03,91220,2.7838,5.75,
I17_q30_rec,16,922.5155,37.03,52548,1.6036,9.98,
I17_q60_rec,16,922.5356,37.03,37291,1.138,14.06,
I180_q10_rec,16,1.6782,91.83,57523,1.7555,9.11,
I180_q30_rec,16,3.8629,84.59,31014,0.9465,16.9,
I180_q60_rec,16,6.412,80.19,20543,0.6269,25.52,
I181_q10_rec,16,1.6696,91.88,56703,1.7304,9.25,
I181_q30_rec,16,3.838,84.65,30649,0.9353,17.11,
I181_q60_rec,16,6.3461,80.28,20101,0.6134,26.08,
I182_q10_rec,16,1.6685,91.88,56205,1.7152,9.33,
I182_q30_rec,16,3.8143,84.7,30309,0.925,17.3,
I182_q60_rec,16,6.3439,80.28,20027,0.6112,26.18,
I183_q10_rec,16,1.6687,91.88,56403,1.7213,9.3,
I183_q30_rec,16,3.8468,84.63,30508,0.931,17.19,
I183_q60_rec,16,6.3735,80.24,20055,0.612,26.14,
I184_q10_rec,16,1.6664,91.89,56779,1.7328,9.23,
I184_q30_rec,16,3.8423,84.64,30841,0.9412,17.0,
I184_q60_rec,16,6.3979,80.21,20275,0.6187,25.86,
I185_q10_rec,16,1.65,91.98,55837,1.704,9.39,
I185_q30_rec,16,3.8206,84.69,30209,0.9219,17.36,
I185_q60_rec,16,6.3173,80.32,19776,0.6035,26.51,
I186_q10_rec,16,1.6444,92.01,54896,1.6753,9.55,
I186_q30_rec,16,3.7849,84.77,29638,0.9045,17.69,
I186_q60_rec,16,6.2593,80.4,19498,0.595,26.89,
I187_q10_rec,16,1.6429,92.02,54732,1.6703,9.58,
I187_q30_rec,16,3.7864,84.76,29610,0.9036,17.71,
I187_q60_rec,16,6.2741,80.38,19353,0.5906,27.09,
I188_q10_rec,16,1.6377,92.04,54356,1.6588,9.65,
I188_q30_rec,16,3.7609,84.82,29365,0.8961,17.85,
I188_q60_rec,16,6.2354,80.43,19405,0.5922,27.02,
I189_q10_rec,16,1.6277,92.1,53941,1.6461,9.72,
I189_q30_rec,16,3.7526,84.84,29066,0.887,18.04,
I189_q60_rec,16,6.1919,80.49,19091,0.5826,27.46,
I18_q10_rec,16,922.5058,37.03,91152,2.7817,5.75,
I18_q30_rec,16,922.5154,37.03,52179,1.5924,10.05,
I18_q60_rec,16,922.5354,37.03,37112,1.1326,14.13,
I190_q10_rec,16,1.613,92.18,53348,1.6281,9.83,
I190_q30_rec,16,3.7205,84.92,28863,0.8808,18.16,
I190_q60_rec,16,6.1612,80.54,18954,0.5784,27.66,
I191_q10_rec,16,1.6034,92.23,52499,1.6021,9.99,
I191_q30_rec,16,3.6748,85.02,28227,0.8614,18.57,
I191_q60_rec,16,6.1256,80.59,18615,0.5681,28.16,
I192_q10_rec,16,1.5969,92.26,51528,1.5725,10.17,
I192_q30_rec,16,3.6647,85.05,27735,0.8464,18.9,
I192_q60_rec,16,6.0958,80.63,18095,0.5522,28.97,
I193_q10_rec,16,1.5913,92.29,51213,1.5629,10.24,
I193_q30_rec,16,3.6388,85.11,27631,0.8432,18.97,
I193_q60_rec,16,6.0451,80.7,17982,0.5488,29.16,
I194_q10_rec,16,1.5832,92.34,50784,1.5498,10.32,
I194_q30_rec,16,3.6216,85.15,27368,0.8352,19.16,
I194_q60_rec,16,6.0196,80.74,17901,0.5463,29.29,
I195_q10_rec,16,1.5681,92.42,49854,1.5214,10.52,
I195_q30_rec,16,3.602,85.2,26852,0.8195,19.53,
I195_q60_rec,16,5.9973,80.77,17473,0.5332,30.01,
I196_q10_rec,16,1.5604,92.46,49274,1.5037,10.64,
I196_q30_rec,16,3.5846,85.24,26509,0.809,19.78,
I196_q60_rec,16,5.9177,80.89,17229,0.5258,30.43,
I197_q10_rec,16,1.5451,92.55,48134,1.4689,10.89,
I197_q30_rec,16,3.5419,85.34,25867,0.7894,20.27,
I197_q60_rec,16,5.8672,80.96,16843,0.514,31.13,
I198_q10_rec,16,1.5375,92.59,47617,1.4532,11.01,
I198_q30_rec,16,3.5276,85.38,25491,0.7779,20.57,
I198_q60_rec,16,5.8068,81.05,16655,0.5083,31.48,
I199_q10_rec,16,1.5294,92.64,47396,1.4464,11.06,
I199_q30_rec,16,3.5113,85.42,25478,0.7775,20.58,
I199_q60_rec,16,5.8288,81.02,16638,0.5078,31.51,
I19_q10_rec,16,922.5058,37.03,90588,2.7645,5.79,
I19_q30_rec,16,922.5153,37.03,51907,1.5841,10.1,
I19_q60_rec,16,922.5351,37.03,36953,1.1277,14.19,
I1_q10_rec,16,2.2434,89.31,63767,1.6647,9.61,
I1_q30_rec,16,4.1534,83.96,24683,0.6444,24.83,
I1_q60_rec,16,6.401,80.2,14185,0.3703,43.21,
I200_q10_rec,16,1.5183,92.7,46594,1.4219,11.25,
I200_q30_rec,16,3.477,85.51,25045,0.7643,20.93,
I200_q60_rec,16,5.7603,81.12,16308,0.4977,32.15,
I201_q10_rec,16,1.505,92.78,45763,1.3966,11.46,
I201_q30_rec,16,3.4522,85.57,24551,0.7492,21.36,
I201_q60_rec,16,5.6968,81.22,15897,0.4851,32.98,
I202_q10_rec,16,1.4967,92.83,44967,1.3723,11.66,
I202_q30_rec,16,3.4288,85.63,24003,0.7325,21.84,
I202_q60_rec,16,5.6565,81.28,15719,0.4797,33.35,
I203_q10_rec,16,1.4812,92.92,43855,1.3383,11.96,
I203_q30_rec,16,3.3849,85.74,23441,0.7154,22.37,
I203_q60_rec,16,5.6322,81.32,15334,0.468,34.19,
I204_q10_rec,16,1.465,93.01,42706,1.3033,12.28,
I204_q30_rec,16,3.3376,85.86,22846,0.6972,22.95,
I204_q60_rec,16,5.5224,81.49,15075,0.4601,34.78,
I205_q10_rec,16,1.4446,93.13,41329,1.2613,12.69,
I205_q30_rec,16,3.2891,85.99,21762,0.6641,24.09,
I205_q60_rec,16,5.41,81.67,14357,0.4381,36.52,
I206_q10_rec,16,1.4244,93.26,39333,1.2003,13.33,
I206_q30_rec,16,3.2156,86.18,20373,0.6217,25.73,
I206_q60_rec,16,5.2769,81.88,13124,0.4005,39.95,
I207_q10_rec,16,1.4006,93.4,36088,1.1013,14.53,
I207_q30_rec,16,3.1104,86.47,17979,0.5487,29.16,
I207_q60_rec,16,5.053,82.26,11384,0.3474,46.05,
I208_q10_rec,16,1.3708,93.59,33942,1.0358,15.45,
I208_q30_rec,16,3.02,86.73,16547,0.505,31.68,
I208_q60_rec,16,4.8405,82.63,10266,0.3133,51.07,
I209_q10_rec,16,1.3414,93.78,31275,0.9544,16.76,
I209_q30_rec,16,2.9186,87.03,14757,0.4503,35.53,
I209_q60_rec,16,4.6304,83.02,9067,0.2767,57.82,
I20_q10_rec,16,922.5058,37.03,89230,2.7231,5.88,
I20_q30_rec,16,922.5152,37.03,51158,1.5612,10.25,
I20_q60_rec,16,922.5348,37.03,36494,1.1137,14.37,
I210_q10_rec,16,1.2866,94.14,26808,0.8181,19.56,
I210_q30_rec,16,2.7234,87.63,11782,0.3596,44.5,
I210_q60_rec,16,4.2989,83.66,7080,0.2161,74.05,
I211_q10_rec,16,1.2547,94.36,24904,0.76,21.05,
I211_q30_rec,16,2.6331,87.92,10635,0.3246,49.3,
I211_q60_rec,16,4.1002,84.07,6158,0.1879,85.14,
I212_q10_rec,16,1.2381,94.47,23479,0.7165,22.33,
I212_q30_rec,16,2.5888,88.07,9818,0.2996,53.4,
I212_q60_rec,16,3.9708,84.35,5647,0.1723,92.84,
I213_q10_rec,16,1.211,94.67,22366,0.6826,23.44,
I213_q30_rec,16,2.5185,88.31,9383,0.2863,55.88,
I213_q60_rec,16,3.8512,84.62,5281,0.1612,99.28,
I214_q10_rec,16,2.3065,89.07,140984,4.3025,3.72,
I214_q30_rec,16,6.0649,80.67,86048,2.626,6.09,
I214_q60_rec,16,10.5616,75.85,62420,1.9049,8.4,
I215_q10_rec,16,1.3167,93.94,23932,0.7303,21.91,
I215_q30_rec,16,2.6139,87.98,8994,0.2745,58.29,
I215_q60_rec,16,3.8757,84.56,5006,0.1528,104.73,
I216_q10_rec,16,1.3437,93.76,25713,0.7847,20.39,
I216_q30_rec,16,2.7019,87.7,9895,0.302,52.99,
I216_q60_rec,16,4.0314,84.22,5735,0.175,91.42,
I217_q10_rec,16,1.3662,93.62,27077,0.8263,19.36,
I217_q30_rec,16,2.7583,87.52,10717,0.3271,48.92,
I217_q60_rec,16,4.1534,83.96,6283,0.1917,83.45,
I218_q10_rec,16,1.391,93.46,28792,0.8787,18.21,
I218_q30_rec,16,2.8435,87.25,11867,0.3622,44.18,
I218_q60_rec,16,4.3077,83.64,6952,0.2122,75.42,
I219_q10_rec,16,1.4067,93.37,30080,0.918,17.43,
I219_q30_rec,16,2.8814,87.14,12671,0.3867,41.38,
I219_q60_rec,16,4.4622,83.34,7591,0.2317,69.07,
I21_q10_rec,16,922.5058,37.03,87665,2.6753,5.98,
I21_q30_rec,16,922.5149,37.03,49942,1.5241,10.5,
I21_q60_rec,16,922.5337,37.03,35763,1.0914,14.66,
I220_q10_rec,16,1.4393,93.17,32705,0.9981,16.03,
I220_q30_rec,16,3.0052,86.77,14199,0.4333,36.92,
I220_q60_rec,16,4.6795,82.93,8624,0.2632,60.79,
I221_q10_rec,16,1.4564,93.06,34296,1.0466,15.29,
I221_q30_rec,16,3.0375,86.68,15536,0.4741,33.75,
I221_q60_rec,16,4.7384,82.82,9482,0.2894,55.29,
I222_q10_rec,16,1.469,92.99,36651,1.1185,14.3,
I222_q30_rec,16,3.1457,86.38,17026,0.5196,30.79,
I222_q60_rec,16,4.9549,82.43,10661,0.3253,49.18,
I223_q10_rec,16,1.4971,92.82,39742,1.2128,13.19,
I223_q30_rec,16,3.2526,86.08,19229,0.5868,27.27,
I223_q60_rec,16,5.2341,81.95,12347,0.3768,42.46,
I224_q10_rec,16,1.522,92.68,41981,1.2812,12.49,
I224_q30_rec,16,3.3415,85.85,21030,0.6418,24.93,
I224_q60_rec,16,5.4079,81.67,13683,0.4176,38.32,
I225_q10_rec,16,1.5304,92.63,43488,1.3271,12.06,
I225_q30_rec,16,3.3849,85.74,22058,0.6732,23.77,
I225_q60_rec,16,5.5335,81.47,14324,0.4371,36.6,
I226_q10_rec,16,1.5465,92.54,45752,1.3962,11.46,
I226_q30_rec,16,3.4754,85.51,23684,0.7228,22.14,
I226_q60_rec,16,5.6517,81.29,15461,0.4718,33.91,
I227_q10_rec,16,1.568,92.42,47750,1.4572,10.98,
I227_q30_rec,16,3.5259,85.38,25179,0.7684,20.82,
I227_q60_rec,16,5.8629,80.97,16652,0.5082,31.48,
I228_q10_rec,16,1.586,92.32,49521,1.5113,10.59,
I228_q30_rec,16,3.5817,85.25,26350,0.8041,19.9,
I228_q60_rec,16,5.9397,80.85,17488,0.5337,29.98,
I229_q10_rec,16,1.5928,92.29,50844,1.5516,10.31,
I229_q30_rec,16,3.6194,85.16,27192,0.8298,19.28,
I229_q60_rec,16,5.9835,80.79,18335,0.5595,28.59,
I22_q10_rec,16,922.5057,37.03,85132,2.598,6.16,
I22_q30_rec,16,922.5144,37.03,48311,1.4743,10.85,
I22_q60_rec,16,922.5323,37.03,34502,1.0529,15.2,
I230_q10_rec,16,1.5953,92.27,51610,1.575,10.16,
I230_q30_rec,16,3.6352,85.12,27891,0.8512,18.8,
I230_q60_rec,16,6.0939,80.63,18667,0.5697,28.09,
I231_q10_rec,16,1.609,92.2,52455,1.6008,10.0,
I231_q30_rec,16,3.66,85.06,28487,0.8694,18.4,
I231_q60_rec,16,6.1508,80.55,18982,0.5793,27.62,
I232_q10_rec,16,1.619,92.14,53646,1.6371,9.77,
I232_q30_rec,16,3.7056,84.95,29171,0.8902,17.97,
I232_q60_rec,16,6.192,80.49,19565,0.5971,26.8,
I233_q10_rec,16,1.6306,92.08,54831,1.6733,9.56,
I233_q30_rec,16,3.764,84.82,29780,0.9088,17.61,
I233_q60_rec,16,6.287,80.36,19967,0.6093,26.26,
I234_q10_rec,16,1.6449,92.01,55604,1.6969,9.43,
I234_q30_rec,16,3.7638,84.82,30332,0.9257,17.28,
I234_q60_rec,16,6.3124,80.33,20490,0.6253,25.59,
I235_q10_rec,16,1.6551,91.95,57219,1.7462,9.16,
I235_q30_rec,16,3.8267,84.67,31600,0.9644,16.59,
I235_q60_rec,16,6.3911,80.22,21132,0.6449,24.81,
I236_q10_rec,16,1.6582,91.94,58254,1.7778,9.0,
I236_q30_rec,16,3.8457,84.63,32284,0.9852,16.24,
I236_q60_rec,16,6.5112,80.06,21786,0.6649,24.07,
I237_q10_rec,16,1.6641,91.91,58503,1.7854,8.96,
I237_q30_rec,16,3.8709,84.57,32537,0.993,16.11,
I237_q60_rec,16,6.4903,80.08,21855,0.667,23.99,
I238_q10_rec,16,1.6645,91.9,57924,1.7677,9.05,
I238_q30_rec,16,3.8592,84.6,31909,0.9738,16.43,
I238_q60_rec,16,6.4592,80.13,21544,0.6575,24.34,
I239_q10_rec,16,1.6681,91.89,58334,1.7802,8.99,
I239_q30_rec,16,3.8587,84.6,32027,0.9774,16.37,
I239_q60_rec,16,6.4664,80.12,21600,0.6592,24.27,
I23_q10_rec,16,922.5057,37.03,83306,2.5423,6.29,
I23_q30_rec,16,922.5141,37.03,47394,1.4464,11.06,
I23_q60_rec,16,922.5318,37.03,33911,1.0349,15.46,
I240_q10_rec,16,1.6724,91.86,58430,1.7831,8.97,
I240_q30_rec,16,3.8697,84.58,32298,0.9857,16.23,
I240_q60_rec,16,6.4693,80.11,21546,0.6575,24.33,
I241_q10_rec,16,1.6709,91.87,58442,1.7835,8.97,
I241_q30_rec,16,3.8707,84.57,32441,0.99,16.16,
I241_q60_rec,16,6.4886,80.09,21617,0.6597,24.25,
I242_q10_rec,16,1.6781,91.83,59078,1.8029,8.87,
I242_q30_rec,16,3.8965,84.52,32828,1.0018,15.97,
I242_q60_rec,16,6.5346,80.03,21958,0.6701,23.88,
I243_q10_rec,16,1.6874,91.79,59945,1.8294,8.75,
I243_q30_rec,16,3.9164,84.47,33423,1.02,15.69,
I243_q60_rec,16,6.5743,79.97,22358,0.6823,23.45,
I244_q10_rec,16,1.6849,91.8,60396,1.8431,8.68,
I244_q30_rec,16,3.9479,84.4,33767,1.0305,15.53,
I244_q60_rec,16,6.6026,79.94,22600,0.6897,23.2,
I245_q10_rec,16,1.6836,91.8,60318,1.8408,8.69,
I245_q30_rec,16,3.9435,84.41,33721,1.0291,15.55,
I245_q60_rec,16,6.6063,79.93,22545,0.688,23.26,
I246_q10_rec,16,1.7007,91.72,61465,1.8758,8.53,
I246_q30_rec,16,3.9746,84.34,34541,1.0541,15.18,
I246_q60_rec,16,6.6962,79.81,23166,0.707,22.63,
I247_q10_rec,16,1.7077,91.68,62613,1.9108,8.37,
I247_q30_rec,16,3.9944,84.3,35081,1.0706,14.95,
I247_q60_rec,16,6.7572,79.73,23711,0.7236,22.11,
I248_q10_rec,16,1.7106,91.67,63330,1.9327,8.28,
I248_q30_rec,16,4.0264,84.23,35818,1.0931,14.64,
I248_q60_rec,16,6.7981,79.68,24131,0.7364,21.73,
I249_q10_rec,16,1.7093,91.67,63791,1.9467,8.22,
I249_q30_rec,16,4.0343,84.21,36092,1.1014,14.53,
I249_q60_rec,16,6.8207,79.65,24404,0.7448,21.48,
I24_q10_rec,16,922.5057,37.03,82118,2.506,6.38,
I24_q30_rec,16,922.5139,37.03,46785,1.4278,11.21,
I24_q60_rec,16,922.5313,37.03,33811,1.0318,15.51,
I250_q10_rec,16,1.7234,91.6,64716,1.975,8.1,
I250_q30_rec,16,4.0702,84.14,36778,1.1224,14.26,
I250_q60_rec,16,6.8671,79.59,24731,0.7547,21.2,
I251_q10_rec,16,1.7341,91.55,66105,2.0174,7.93,
I251_q30_rec,16,4.1003,84.07,37763,1.1524,13.88,
I251_q60_rec,16,6.9695,79.47,25611,0.7816,20.47,
I252_q10_rec,16,1.7443,91.5,67550,2.0615,7.76,
I252_q30_rec,16,4.1462,83.98,38797,1.184,13.51,
I252_q60_rec,16,7.0694,79.34,26447,0.8071,19.82,
I253_q10_rec,16,1.7494,91.47,68475,2.0897,7.66,
I253_q30_rec,16,4.1692,83.93,39422,1.2031,13.3,
I253_q60_rec,16,7.1314,79.27,26870,0.82,19.51,
I254_q10_rec,16,1.7517,91.46,68513,2.0909,7.65,
I254_q30_rec,16,4.1563,83.96,39544,1.2068,13.26,
I254_q60_rec,16,7.136,79.26,27011,0.8243,19.41,
I255_q10_rec,16,1.7433,91.5,68254,2.0829,7.68,
I255_q30_rec,16,4.1684,83.93,39357,1.2011,13.32,
I255_q60_rec,16,7.0863,79.32,26707,0.815,19.63,
I256_q10_rec,16,1.7469,91.48,68241,2.0826,7.68,
I256_q30_rec,16,4.1677,83.93,39399,1.2024,13.31,
I256_q60_rec,16,7.1206,79.28,26752,0.8164,19.6,
I257_q10_rec,16,1.7428,91.5,67608,2.0632,7.75,
I257_q30_rec,16,4.1473,83.97,38854,1.1857,13.49,
I257_q60_rec,16,7.0729,79.34,26397,0.8056,19.86,
I258_q10_rec,16,1.7497,91.47,68725,2.0973,7.63,
I258_q30_rec,16,4.1773,83.91,39891,1.2174,13.14,
I258_q60_rec,16,7.1144,79.29,27150,0.8286,19.31,
I259_q10_rec,16,1.7597,91.42,69519,2.1216,7.54,
I259_q30_rec,16,4.2027,83.86,40440,1.2341,12.96,
I259_q60_rec,16,7.1729,79.22,27445,0.8376,19.1,
I25_q10_rec,16,922.5057,37.03,82665,2.5227,6.34,
I25_q30_rec,16,922.514,37.03,47113,1.4378,11.13,
I25_q60_rec,16,922.5316,37.03,33873,1.0337,15.48,
I260_q10_rec,16,1.7416,91.51,67956,2.0739,7.72,
I260_q30_rec,16,4.1494,83.97,38949,1.1886,13.46,
I260_q60_rec,16,7.0877,79.32,26467,0.8077,19.81,
I261_q10_rec,16,1.7493,91.47,68008,2.0754,7.71,
I261_q30_rec,16,4.1648,83.94,39320,1.2,13.33,
I261_q60_rec,16,7.0921,79.31,26713,0.8152,19.63,
I262_q10_rec,16,1.7419,91.51,68096,2.0781,7.7,
I262_q30_rec,16,4.1555,83.96,39076,1.1925,13.42,
I262_q60_rec,16,7.0871,79.32,26574,0.811,19.73,
I263_q10_rec,16,1.7459,91.49,67941,2.0734,7.72,
I263_q30_rec,16,4.1684,83.93,39104,1.1934,13.41,
I263_q60_rec,16,7.0811,79.33,26450,0.8072,19.82,
I264_q10_rec,16,1.7485,91.48,68004,2.0753,7.71,
I264_q30_rec,16,4.1636,83.94,39100,1.1932,13.41,
I264_q60_rec,16,7.0717,79.34,26565,0.8107,19.74,
I265_q10_rec,16,1.7397,91.52,67484,2.0594,7.77,
I265_q30_rec,16,4.1502,83.97,38935,1.1882,13.47,
I265_q60_rec,16,7.0344,79.38,26425,0.8064,19.84,
I266_q10_rec,16,1.7373,91.53,66676,2.0348,7.86,
I266_q30_rec,16,4.106,84.06,37917,1.1571,13.83,
I266_q60_rec,16,6.9713,79.46,25736,0.7854,20.37,
I267_q10_rec,16,1.7236,91.6,65396,1.9957,8.02,
I267_q30_rec,16,4.0924,84.09,37300,1.1383,14.06,
I267_q60_rec,16,6.91,79.54,25193,0.7688,20.81,
I268_q10_rec,16,1.7148,91.65,64038,1.9543,8.19,
I268_q30_rec,16,4.03,84.22,36200,1.1047,14.48,
I268_q60_rec,16,6.8205,79.65,24568,0.7498,21.34,
I269_q10_rec,16,1.7035,91.7,63440,1.936,8.26,
I269_q30_rec,16,4.0216,84.24,35783,1.092,14.65,
I269_q60_rec,16,6.7784,79.71,24277,0.7409,21.6,
I26_q10_rec,16,922.5057,37.03,82783,2.5263,6.33,
I26_q30_rec,16,922.5139,37.03,47420,1.4471,11.06,
I26_q60_rec,16,922.5316,37.03,34009,1.0379,15.42,
I270_q10_rec,16,1.7028,91.71,62482,1.9068,8.39,
I270_q30_rec,16,4.0006,84.29,35209,1.0745,14.89,
I270_q60_rec,16,6.7496,79.74,23683,0.7227,22.14,
I271_q10_rec,16,1.6943,91.75,61716,1.8834,8.5,
I271_q30_rec,16,3.9675,84.36,34714,1.0594,15.1,
I271_q60_rec,16,6.7159,79.79,23493,0.7169,22.32,
I272_q10_rec,16,1.6854,91.8,60792,1.8552,8.62,
I272_q30_rec,16,3.9421,84.41,34151,1.0422,15.35,
I272_q60_rec,16,6.6359,79.89,23003,0.702,22.79,
I273_q10_rec,16,1.6843,91.8,59577,1.8181,8.8,
I273_q30_rec,16,3.9277,84.45,33158,1.0119,15.81,
I273_q60_rec,16,6.5506,80.0,22057,0.6731,23.77,
I274_q10_rec,16,1.6667,91.89,58630,1.7892,8.94,
I274_q30_rec,16,3.8834,84.55,32394,0.9886,16.18,
I274_q60_rec,16,6.4957,80.08,21607,0.6594,24.26,
I275_q10_rec,16,1.6686,91.88,58129,1.774,9.02,
I275_q30_rec,16,3.8707,84.57,32145,0.981,16.31,
I275_q60_rec,16,6.4386,80.15,21573,0.6584,24.3,
I276_q10_rec,16,1.6648,91.9,58084,1.7726,9.03,
I276_q30_rec,16,3.8508,84.62,31992,0.9763,16.39,
I276_q60_rec,16,6.429,80.17,21461,0.6549,24.43,
I277_q10_rec,16,1.6586,91.93,57765,1.7628,9.08,
I277_q30_rec,16,3.8378,84.65,31918,0.9741,16.43,
I277_q60_rec,16,6.4864,80.09,21417,0.6536,24.48,
I278_q10_rec,16,1.6572,91.94,56489,1.7239,9.28,
I278_q30_rec,16,3.8195,84.69,30954,0.9446,16.94,
I278_q60_rec,16,6.3803,80.23,20617,0.6292,25.43,
I279_q10_rec,16,1.6483,91.99,56157,1.7138,9.34,
I279_q30_rec,16,3.7998,84.73,30671,0.936,17.09,
I279_q60_rec,16,6.3206,80.31,20548,0.6271,25.52,
I27_q10_rec,16,922.5056,37.03,82285,2.5111,6.37,
I27_q30_rec,16,922.5139,37.03,47558,1.4514,11.02,
I27_q60_rec,16,922.532,37.03,34130,1.0416,15.36,
I280_q10_rec,16,1.6417,92.02,56129,1.7129,9.34,
I280_q30_rec,16,3.7933,84.75,30749,0.9384,17.05,
I280_q60_rec,16,6.358,80.26,20633,0.6297,25.41,
I281_q10_rec,16,1.641,92.03,56638,1.7285,9.26,
I281_q30_rec,16,3.7902,84.76,31308,0.9554,16.75,
I281_q60_rec,16,6.3528,80.27,20884,0.6373,25.1,
I282_q10_rec,16,1.6347,92.06,56355,1.7198,9.3,
I282_q30_rec,16,3.8047,84.72,31438,0.9594,16.68,
I282_q60_rec,16,6.3886,80.22,20982,0.6403,24.99,
I283_q10_rec,16,1.632,92.08,56337,1.7193,9.31,
I283_q30_rec,16,3.7842,84.77,31143,0.9504,16.83,
I283_q60_rec,16,6.3643,80.25,21027,0.6417,24.93,
I284_q10_rec,16,1.6213,92.13,55759,1.7016,9.4,
I284_q30_rec,16,3.7705,84.8,30785,0.9395,17.03,
I284_q60_rec,16,6.3598,80.26,20795,0.6346,25.21,
I285_q10_rec,16,1.6148,92.17,54342,1.6584,9.65,
I285_q30_rec,16,3.7173,84.92,30010,0.9158,17.47,
I285_q60_rec,16,6.2782,80.37,20155,0.6151,26.01,
I286_q10_rec,16,1.603,92.23,52695,1.6081,9.95,
I286_q30_rec,16,3.6833,85.0,28815,0.8794,18.19,
I286_q60_rec,16,6.1385,80.57,19257,0.5877,27.23,
I287_q10_rec,16,1.5822,92.34,51721,1.5784,10.14,
I287_q30_rec,16,3.6278,85.14,28049,0.856,18.69,
I287_q60_rec,16,6.1103,80.61,18936,0.5779,27.69,
I288_q10_rec,16,1.5738,92.39,49908,1.5231,10.51,
I288_q30_rec,16,3.5825,85.25,26892,0.8207,19.5,
I288_q60_rec,16,5.9981,80.77,17893,0.5461,29.3,
I289_q10_rec,16,1.5527,92.51,48153,1.4695,10.89,
I289_q30_rec,16,3.5272,85.38,25625,0.782,20.46,
I289_q60_rec,16,5.8593,80.97,16918,0.5163,30.99,
I28_q10_rec,16,922.5056,37.03,80695,2.4626,6.5,
I28_q30_rec,16,922.5137,37.03,46657,1.4239,11.24,
I28_q60_rec,16,922.5315,37.03,33921,1.0352,15.46,
I290_q10_rec,16,1.5348,92.61,46268,1.412,11.33,
I290_q30_rec,16,3.4662,85.53,24293,0.7414,21.58,
I290_q60_rec,16,5.7298,81.17,15885,0.4848,33.01,
I291_q10_rec,16,1.5257,92.66,44101,1.3459,11.89,
I291_q30_rec,16,3.4132,85.67,22921,0.6995,22.87,
I291_q60_rec,16,5.6068,81.36,14895,0.4546,35.2,
I292_q10_rec,16,1.5023,92.79,42284,1.2904,12.4,
I292_q30_rec,16,3.3425,85.85,21514,0.6566,24.37,
I292_q60_rec,16,5.4476,81.61,13986,0.4268,37.49,
I293_q10_rec,16,1.4731,92.96,39517,1.206,13.27,
I293_q30_rec,16,3.2224,86.17,19400,0.592,27.03,
I293_q60_rec,16,5.2309,81.96,12486,0.381,41.99,
I294_q10_rec,16,1.4573,93.06,37026,1.1299,14.16,
I294_q30_rec,16,3.153,86.36,17779,0.5426,29.49,
I294_q60_rec,16,5.0479,82.27,11111,0.3391,47.19,
I295_q10_rec,16,1.4241,93.26,33931,1.0355,15.45,
I295_q30_rec,16,3.0225,86.72,15666,0.4781,33.47,
I295_q60_rec,16,4.7824,82.74,9520,0.2905,55.07,
I296_q10_rec,16,1.4114,93.34,32658,0.9966,16.05,
I296_q30_rec,16,2.9873,86.82,14676,0.4479,35.72,
I296_q60_rec,16,4.7184,82.85,8875,0.2708,59.07,
I297_q10_rec,16,1.3878,93.48,30576,0.9331,17.15,
I297_q30_rec,16,2.8832,87.13,13676,0.4174,38.34,
I297_q60_rec,16,4.4803,83.3,8257,0.252,63.5,
I298_q10_rec,16,1.3714,93.59,29785,0.909,17.6,
I298_q30_rec,16,2.866,87.18,13000,0.3967,40.33,
I298_q60_rec,16,4.4298,83.4,7847,0.2395,66.81,
I299_q10_rec,16,1.3517,93.71,28189,0.8603,18.6,
I299_q30_rec,16,2.8011,87.38,12140,0.3705,43.19,
I299_q60_rec,16,4.33,83.6,7225,0.2205,72.57,
I29_q10_rec,16,922.5056,37.03,78802,2.4048,6.65,
I29_q30_rec,16,922.5134,37.03,45291,1.3822,11.58,
I29_q60_rec,16,922.5309,37.03,32859,1.0028,15.96,
I2_q10_rec,16,922.5058,37.03,91257,2.7849,5.75,
I2_q30_rec,16,922.5151,37.03,55132,1.6825,9.51,
I2_q60_rec,16,922.5369,37.03,40236,1.2279,13.03,
I300_q10_rec,16,1.3292,93.86,27294,0.8329,19.21,
I300_q30_rec,16,2.7492,87.55,11438,0.3491,45.84,
I300_q60_rec,16,4.2114,83.84,6809,0.2078,77.0,
I301_q10_rec,16,1.2975,94.07,25022,0.7636,20.95,
I301_q30_rec,16,2.6419,87.89,10190,0.311,51.45,
I301_q60_rec,16,4.0033,84.28,5931,0.181,88.4,
I302_q10_rec,16,1.279,94.19,23840,0.7275,21.99,
I302_q30_rec,16,2.5844,88.08,9477,0.2892,55.32,
I302_q60_rec,16,3.9091,84.49,5587,0.1705,93.84,
I30_q10_rec,16,922.5055,37.03,75623,2.3078,6.93,
I30_q30_rec,16,922.5129,37.03,43548,1.329,12.04,
I30_q60_rec,16,922.5297,37.03,31759,0.9692,16.51,
I31_q10_rec,16,922.5054,37.03,69619,2.1246,7.53,
I31_q30_rec,16,922.5121,37.03,41008,1.2515,12.79,
I31_q60_rec,16,922.5275,37.03,29918,0.913,17.52,
I32_q10_rec,16,922.5052,37.03,60991,1.8613,8.6,
I32_q30_rec,16,922.511,37.03,36200,1.1047,14.48,
I32_q60_rec,16,922.5244,37.03,26865,0.8199,19.52,
I33_q10_rec,16,922.5049,37.03,50665,1.5462,10.35,
I33_q30_rec,16,922.5097,37.03,31465,0.9602,16.66,
I33_q60_rec,16,922.5208,37.03,23908,0.7296,21.93,
I34_q10_rec,16,922.5048,37.03,44163,1.3477,11.87,
I34_q30_rec,16,922.5089,37.03,27947,0.8529,18.76,
I34_q60_rec,16,922.5184,37.03,21544,0.6575,24.34,
I35_q10_rec,16,922.5048,37.03,40955,1.2498,12.8,
I35_q30_rec,16,922.5083,37.03,25944,0.7917,20.21,
I35_q60_rec,16,922.5169,37.03,20161,0.6153,26.01,
I36_q10_rec,16,922.506,37.03,99294,3.0302,5.28,
I36_q30_rec,16,922.5164,37.03,59262,1.8085,8.85,
I36_q60_rec,16,922.5401,37.03,42425,1.2947,12.36,
I37_q10_rec,16,922.506,37.03,100394,3.0638,5.22,
I37_q30_rec,16,922.5166,37.03,59818,1.8255,8.76,
I37_q60_rec,16,922.5402,37.03,42744,1.3044,12.27,
I38_q10_rec,16,922.5059,37.03,97904,2.9878,5.36,
I38_q30_rec,16,922.5162,37.03,58017,1.7705,9.04,
I38_q60_rec,16,922.5395,37.03,41615,1.27,12.6,
I39_q10_rec,16,922.5059,37.03,97647,2.9799,5.37,
I39_q30_rec,16,922.5161,37.03,58004,1.7701,9.04,
I39_q60_rec,16,922.5396,37.03,41624,1.2703,12.6,
I3_q10_rec,16,922.5057,37.03,89506,2.7315,5.86,
I3_q30_rec,16,922.5148,37.03,53889,1.6446,9.73,
I3_q60_rec,16,922.5362,37.03,39448,1.2039,13.29,
I40_q10_rec,16,922.506,37.03,101386,3.0941,5.17,
I40_q30_rec,16,922.5167,37.03,60755,1.8541,8.63,
I40_q60_rec,16,922.5411,37.03,43718,1.3342,11.99,
I41_q10_rec,16,922.506,37.03,106509,3.2504,4.92,
I41_q30_rec,16,922.5173,37.03,64349,1.9638,8.15,
I41_q60_rec,16,922.5436,37.03,46308,1.4132,11.32,
I42_q10_rec,16,922.5061,37.03,109040,3.3276,4.81,
I42_q30_rec,16,922.5177,37.03,66478,2.0287,7.89,
I42_q60_rec,16,922.5449,37.03,47823,1.4594,10.96,
I43_q10_rec,16,922.5061,37.03,111135,3.3916,4.72,
I43_q30_rec,16,922.518,37.03,67611,2.0633,7.75,
I43_q60_rec,16,922.5454,37.03,48357,1.4757,10.84,
I44_q10_rec,16,922.5062,37.03,113879,3.4753,4.6,
I44_q30_rec,16,922.5184,37.03,69642,2.1253,7.53,
I44_q60_rec,16,922.5469,37.03,49994,1.5257,10.49,
I45_q10_rec,16,922.5062,37.03,117736,3.593,4.45,
I45_q30_rec,16,922.5189,37.03,72368,2.2085,7.24,
I45_q60_rec,16,922.5484,37.03,51350,1.5671,10.21,
I46_q10_rec,16,922.5062,37.03,120022,3.6628,4.37,
I46_q30_rec,16,922.5193,37.03,74028,2.2592,7.08,
I46_q60_rec,16,922.5495,37.03,52888,1.614,9.91,
I47_q10_rec,16,922.5062,37.03,121018,3.6932,4.33,
I47_q30_rec,16,922.5194,37.03,74803,2.2828,7.01,
I47_q60_rec,16,922.5498,37.03,53135,1.6216,9.87,
I48_q10_rec,16,922.5062,37.03,117451,3.5843,4.46,
I48_q30_rec,16,922.5189,37.03,72426,2.2103,7.24,
I48_q60_rec,16,922.5483,37.03,51370,1.5677,10.21,
I49_q10_rec,16,922.5062,37.03,115371,3.5208,4.54,
I49_q30_rec,16,922.5187,37.03,70490,2.1512,7.44,
I49_q60_rec,16,922.5472,37.03,49806,1.52,10.53,
I4_q10_rec,16,922.5058,37.03,93141,2.8424,5.63,
I4_q30_rec,16,922.5154,37.03,56547,1.7257,9.27,
I4_q60_rec,16,922.538,37.03,41433,1.2644,12.65,
I50_q10_rec,16,922.5062,37.03,114708,3.5006,4.57,
I50_q30_rec,16,922.5186,37.03,70028,2.1371,7.49,
I50_q60_rec,16,922.547,37.03,49352,1.5061,10.62,
I51_q10_rec,16,922.5062,37.03,113038,3.4496,4.64,
I51_q30_rec,16,922.5186,37.03,68458,2.0892,7.66,
I51_q60_rec,16,922.5463,37.03,47943,1.4631,10.94,
I52_q10_rec,16,922.5062,37.03,111023,3.3882,4.72,
I52_q30_rec,16,922.5183,37.03,66930,2.0425,7.83,
I52_q60_rec,16,922.5452,37.03,46580,1.4215,11.26,
I53_q10_rec,16,922.5061,37.03,108542,3.3124,4.83,
I53_q30_rec,16,922.5181,37.03,64598,1.9714,8.12,
I53_q60_rec,16,922.5441,37.03,44776,1.3665,11.71,
I54_q10_rec,16,922.5061,37.03,106850,3.2608,4.91,
I54_q30_rec,16,922.5178,37.03,63281,1.9312,8.29,
I54_q60_rec,16,922.5433,37.03,43637,1.3317,12.01,
I55_q10_rec,16,922.5061,37.03,104382,3.1855,5.02,
I55_q30_rec,16,922.5177,37.03,61695,1.8828,8.5,
I55_q60_rec,16,922.5422,37.03,42303,1.291,12.39,
I56_q10_rec,16,922.506,37.03,101320,3.092,5.17,
I56_q30_rec,16,922.5173,37.03,59087,1.8032,8.87,
I56_q60_rec,16,922.5407,37.03,40438,1.2341,12.97,
I57_q10_rec,16,922.506,37.03,99087,3.0239,5.29,
I57_q30_rec,16,922.517,37.03,57395,1.7516,9.13,
I57_q60_rec,16,922.5398,37.03,39289,1.199,13.34,
I58_q10_rec,16,922.506,37.03,99576,3.0388,5.27,
I58_q30_rec,16,922.5171,37.03,57501,1.7548,9.12,
I58_q60_rec,16,922.54,37.03,39341,1.2006,13.33,
I59_q10_rec,16,922.506,37.03,100757,3.0749,5.2,
I59_q30_rec,16,922.5173,37.03,58382,1.7817,8.98,
I59_q60_rec,16,922.5407,37.03,39802,1.2147,13.17,
I5_q10_rec,16,922.5059,37.03,99623,3.0403,5.26,
I5_q30_rec,16,922.5162,37.03,61115,1.8651,8.58,
I5_q60_rec,16,922.5409,37.03,44677,1.3634,11.74,
I60_q10_rec,16,922.506,37.03,101258,3.0901,5.18,
I60_q30_rec,16,922.5173,37.03,58576,1.7876,8.95,
I60_q60_rec,16,922.5406,37.03,39777,1.2139,13.18,
I61_q10_rec,16,922.506,37.03,101284,3.0909,5.18,
I61_q30_rec,16,922.5173,37.03,58588,1.788,8.95,
I61_q60_rec,16,922.5406,37.03,39736,1.2126,13.19,
I62_q10_rec,16,922.506,37.03,101139,3.0865,5.18,
I62_q30_rec,16,922.5174,37.03,58596,1.7882,8.95,
I62_q60_rec,16,922.5408,37.03,39699,1.2115,13.21,
I63_q10_rec,16,922.506,37.03,100613,3.0705,5.21,
I63_q30_rec,16,922.5173,37.03,58489,1.7849,8.96,
I63_q60_rec,16,922.5403,37.03,39688,1.2112,13.21,
I64_q10_rec,16,922.506,37.03,101153,3.0869,5.18,
I64_q30_rec,16,922.5173,37.03,58707,1.7916,8.93,
I64_q60_rec,16,922.5404,37.03,39765,1.2135,13.18,
I65_q10_rec,16,922.506,37.03,100591,3.0698,5.21,
I65_q30_rec,16,922.5172,37.03,58104,1.7732,9.02,
I65_q60_rec,16,922.5399,37.03,39438,1.2036,13.29,
I66_q10_rec,16,922.506,37.03,99999,3.0517,5.24,
I66_q30_rec,16,922.5172,37.03,57552,1.7563,9.11,
I66_q60_rec,16,922.5397,37.03,39045,1.1916,13.43,
I67_q10_rec,16,922.506,37.03,100403,3.0641,5.22,
I67_q30_rec,16,922.5172,37.03,58167,1.7751,9.01,
I67_q60_rec,16,922.54,37.03,38989,1.1898,13.45,
I68_q10_rec,16,922.506,37.03,100003,3.0518,5.24,
I68_q30_rec,16,922.5171,37.03,57803,1.764,9.07,
I68_q60_rec,16,922.5397,37.03,38900,1.1871,13.48,
I69_q10_rec,16,922.506,37.03,99801,3.0457,5.25,
I69_q30_rec,16,922.5171,37.03,57441,1.753,9.13,
I69_q60_rec,16,922.5394,37.03,38874,1.1863,13.49,
I6_q10_rec,16,922.506,37.03,104499,3.1891,5.02,
I6_q30_rec,16,922.5169,37.03,64181,1.9586,8.17,
I6_q60_rec,16,922.5428,37.03,46610,1.4224,11.25,
I70_q10_rec,16,922.506,37.03,99368,3.0325,5.28,
I70_q30_rec,16,922.5171,37.03,57209,1.7459,9.16,
I70_q60_rec,16,922.5393,37.03,38995,1.19,13.45,
I71_q10_rec,16,922.506,37.03,99132,3.0253,5.29,
I71_q30_rec,16,922.517,37.03,57151,1.7441,9.17,
I71_q60_rec,16,922.5396,37.03,38613,1.1784,13.58,
I72_q10_rec,16,922.506,37.03,98700,3.0121,5.31,
I72_q30_rec,16,922.517,37.03,56694,1.7302,9.25,
I72_q60_rec,16,922.5394,37.03,38633,1.179,13.57,
I73_q10_rec,16,922.506,37.03,98229,2.9977,5.34,
I73_q30_rec,16,922.5169,37.03,56463,1.7231,9.29,
I73_q60_rec,16,922.5389,37.03,38291,1.1685,13.69,
I74_q10_rec,16,922.506,37.03,98038,2.9919,5.35,
I74_q30_rec,16,922.5169,37.03,56323,1.7188,9.31,
I74_q60_rec,16,922.5387,37.03,38346,1.1702,13.67,
I75_q10_rec,16,922.506,37.03,97357,2.9711,5.39,
I75_q30_rec,16,922.5167,37.03,55929,1.7068,9.37,
I75_q60_rec,16,922.5383,37.03,38344,1.1702,13.67,
I76_q10_rec,16,922.506,37.03,96306,2.939,5.44,
I76_q30_rec,16,922.5165,37.03,55113,1.6819,9.51,
I76_q60_rec,16,922.5375,37.03,37664,1.1494,13.92,
I77_q10_rec,16,922.5059,37.03,95676,2.9198,5.48,
I77_q30_rec,16,922.5164,37.03,54640,1.6675,9.6,
I77_q60_rec,16,922.5375,37.03,37326,1.1391,14.05,
I78_q10_rec,16,922.5059,37.03,95339,2.9095,5.5,
I78_q30_rec,16,922.5163,37.03,54433,1.6612,9.63,
I78_q60_rec,16,922.5371,37.03,37263,1.1372,14.07,
I79_q10_rec,16,922.5059,37.03,95001,2.8992,5.52,
I79_q30_rec,16,922.5162,37.03,54369,1.6592,9.64,
I79_q60_rec,16,922.5371,37.03,37468,1.1434,13.99,
I7_q10_rec,16,922.506,37.03,108640,3.3154,4.83,
I7_q30_rec,16,922.5174,37.03,66476,2.0287,7.89,
I7_q60_rec,16,922.5441,37.03,48209,1.4712,10.88,
I80_q10_rec,16,922.5059,37.03,94484,2.8834,5.55,
I80_q30_rec,16,922.5161,37.03,54107,1.6512,9.69,
I80_q60_rec,16,922.5368,37.03,37446,1.1428,14.0,
I81_q10_rec,16,922.5059,37.03,93695,2.8593,5.6,
I81_q30_rec,16,922.5159,37.03,53914,1.6453,9.72,
I81_q60_rec,16,922.5364,37.03,37382,1.1408,14.03,
I82_q10_rec,16,922.5059,37.03,93788,2.8622,5.59,
I82_q30_rec,16,922.5159,37.03,53818,1.6424,9.74,
I82_q60_rec,16,922.5366,37.03,37482,1.1439,13.99,
I83_q10_rec,16,922.5059,37.03,93342,2.8486,5.62,
I83_q30_rec,16,922.5158,37.03,53842,1.6431,9.74,
I83_q60_rec,16,922.5363,37.03,37516,1.1449,13.98,
I84_q10_rec,16,922.5059,37.03,92946,2.8365,5.64,
I84_q30_rec,16,922.5156,37.03,53628,1.6366,9.78,
I84_q60_rec,16,922.536,37.03,37702,1.1506,13.91,
I85_q10_rec,16,922.5058,37.03,92089,2.8103,5.69,
I85_q30_rec,16,922.5155,37.03,53307,1.6268,9.84,
I85_q60_rec,16,922.5358,37.03,37346,1.1397,14.04,
I86_q10_rec,16,922.5058,37.03,91495,2.7922,5.73,
I86_q30_rec,16,922.5154,37.03,53230,1.6245,9.85,
I86_q60_rec,16,922.5359,37.03,37299,1.1383,14.06,
I87_q10_rec,16,922.5058,37.03,90333,2.7567,5.8,
I87_q30_rec,16,922.5151,37.03,52437,1.6003,10.0,
I87_q60_rec,16,922.5354,37.03,37244,1.1366,14.08,
I88_q10_rec,16,922.5058,37.03,88576,2.7031,5.92,
I88_q30_rec,16,922.5149,37.03,51504,1.5718,10.18,
I88_q60_rec,16,922.5345,37.03,36601,1.117,14.32,
I89_q10_rec,16,922.5057,37.03,87046,2.6564,6.02,
I89_q30_rec,16,922.5147,37.03,50606,1.5444,10.36,
I89_q60_rec,16,922.5341,37.03,36111,1.102,14.52,
I8_q10_rec,16,922.506,37.03,106789,3.2589,4.91,
I8_q30_rec,16,922.5172,37.03,65560,2.0007,8.0,
I8_q60_rec,16,922.5437,37.03,47245,1.4418,11.1,
I90_q10_rec,16,922.5057,37.03,85918,2.622,6.1,
I90_q30_rec,16,922.5146,37.03,49658,1.5154,10.56,
I90_q60_rec,16,922.5336,37.03,35462,1.0822,14.78,
I91_q10_rec,16,922.5057,37.03,84632,2.5828,6.19,
I91_q30_rec,16,922.5144,37.03,48724,1.4869,10.76,
I91_q60_rec,16,922.5329,37.03,34728,1.0598,15.1,
I92_q10_rec,16,922.5056,37.03,82220,2.5092,6.38,
I92_q30_rec,16,922.514,37.03,47520,1.4502,11.03,
I92_q60_rec,16,922.532,37.03,33986,1.0372,15.43,
I93_q10_rec,16,922.5056,37.03,79111,2.4143,6.63,
I93_q30_rec,16,922.5135,37.03,45933,1.4018,11.41,
I93_q60_rec,16,922.5311,37.03,33053,1.0087,15.86,
I94_q10_rec,16,922.5055,37.03,77121,2.3535,6.8,
I94_q30_rec,16,922.5133,37.03,44366,1.3539,11.82,
I94_q60_rec,16,922.53,37.03,31817,0.971,16.48,
I95_q10_rec,16,922.5055,37.03,73017,2.2283,7.18,
I95_q30_rec,16,922.5128,37.03,41634,1.2706,12.59,
I95_q60_rec,16,922.5282,37.03,29945,0.9138,17.51,
I96_q10_rec,16,922.5054,37.03,67094,2.0475,7.81,
I96_q30_rec,16,922.5118,37.03,38183,1.1653,13.73,
I96_q60_rec,16,922.5259,37.03,27886,0.851,18.8,
I97_q10_rec,16,922.5053,37.03,61523,1.8775,8.52,
I97_q30_rec,16,922.511,37.03,35063,1.07,14.95,
I97_q60_rec,16,922.5238,37.03,26142,0.7978,20.06,
I98_q10_rec,16,922.5052,37.03,57262,1.7475,9.16,
I98_q30_rec,16,922.5105,37.03,32486,0.9914,16.14,
I98_q60_rec,16,922.522,37.03,24128,0.7363,21.73,
I99_q10_rec,16,922.5052,37.03,53699,1.6388,9.76,
I99_q30_rec,16,922.51,37.03,30373,0.9269,17.26,
I99_q60_rec,16,922.5204,37.03,22652,0.6913,23.15,
I9_q10_rec,16,922.506,37.03,103711,3.165,5.06,
I9_q30_rec,16,922.5168,37.03,62836,1.9176,8.34,
I9_q60_rec,16,922.5418,37.03,45233,1.3804,11.59,
preview_from_png_q10_rec,8,1.8379,42.84,45226,1.5202,5.26,
preview_from_png_q30_rec,8,3.9476,36.2,21007,0.7061,11.33,
preview_from_png_q60_rec,8,6.4674,31.92,11864,0.3988,20.06,
Skull_2_NAME^NONE_Volume_0_q10_rec,8,1.8379,42.84,45226,1.5202,5.26,
Skull_2_NAME^NONE_Volume_0_q30_rec,8,3.9476,36.2,21007,0.7061,11.33,
Skull_2_NAME^NONE_Volume_0_q60_rec,8,6.4674,31.92,11864,0.3988,20.06,
Skull_2_NAME^NONE_Volume_1_q10_rec,8,1.5078,44.56,46630,1.0848,7.37,
Skull_2_NAME^NONE_Volume_1_q30_rec,8,3.3022,37.75,19460,0.4527,17.67,
Skull_2_NAME^NONE_Volume_1_q60_rec,8,5.4182,33.45,10067,0.2342,34.16,
